-- phpMyAdmin SQL Dump
-- version 4.5.1
-- http://www.phpmyadmin.net
--
-- Host: 127.0.0.1
-- Generation Time: May 11, 2020 at 08:26 PM
-- Server version: 10.1.8-MariaDB
-- PHP Version: 5.6.14

SET SQL_MODE = "NO_AUTO_VALUE_ON_ZERO";
SET time_zone = "+00:00";


/*!40101 SET @OLD_CHARACTER_SET_CLIENT=@@CHARACTER_SET_CLIENT */;
/*!40101 SET @OLD_CHARACTER_SET_RESULTS=@@CHARACTER_SET_RESULTS */;
/*!40101 SET @OLD_COLLATION_CONNECTION=@@COLLATION_CONNECTION */;
/*!40101 SET NAMES utf8mb4 */;

--
-- Database: `db_simpoktan`
--

-- --------------------------------------------------------

--
-- Table structure for table `desa`
--

CREATE TABLE `desa` (
  `id_desa` varchar(20) NOT NULL,
  `nama_desa` varchar(20) NOT NULL,
  `id_kecamatan` varchar(20) NOT NULL
) ENGINE=InnoDB DEFAULT CHARSET=latin1;

--
-- Dumping data for table `desa`
--

INSERT INTO `desa` (`id_desa`, `nama_desa`, `id_kecamatan`) VALUES
('D001', 'SIDOBANDUNG', 'K01'),
('D002', 'MAYANGKAWIS', 'K01'),
('D003', 'KENEP', 'K01'),
('D004', 'POHBOGO', 'K01'),
('D005', 'PENGANTEN', 'K01'),
('D006', 'BULAKLO', 'K01'),
('D007', 'BULU', 'K01'),
('D008', 'KEMAMANG', 'K01'),
('D009', 'NGADILUHUR', 'K01'),
('D010', 'KABUNAN', 'K01'),
('D011', 'SUWALOH', 'K01'),
('D012', 'SOBONTORO', 'K01'),
('D013', 'BALENREJO', 'K01'),
('D014', 'MARGOMULYO', 'K01'),
('D015', 'KEDUNGBONDO', 'K01'),
('D016', 'PILANGGEDE', 'K01'),
('D017', 'KEDUNGDOWO', 'K01'),
('D018', 'LENGKONG', 'K01'),
('D019', 'PRAMBATAN', 'K01'),
('D020', 'MULYOAGUNG', 'K01'),
('D021', 'SEKARAN', 'K01'),
('D022', 'MULYOREJO', 'K01'),
('D023', 'SARIREJO', 'K01'),
('D024', 'BANJARANYAR', 'K02'),
('D025', 'NGEMPLAK', 'K02'),
('D026', 'SRATUREJO', 'K02'),
('D027', 'BLONGSONG', 'K02'),
('D028', 'BAURENO', 'K02'),
('D029', 'TROJALU', 'K02'),
('D030', 'TULUNGAGUNG', 'K02'),
('D031', 'SELOREJO', 'K02'),
('D032', 'TLOGOAGUNG', 'K02'),
('D033', 'SUMURAGUNG', 'K02'),
('D034', 'GAJAH', 'K02'),
('D035', 'GUNUNGSARI', 'K02'),
('D036', 'KALISARI', 'K02'),
('D037', 'TANGGUNGAN', 'K02'),
('D038', 'LEBAKSARI', 'K02'),
('D039', 'BUMIAYU', 'K02'),
('D040', 'KAUMAN', 'K02'),
('D041', 'PASINAN', 'K02'),
('D042', 'BANJARAN', 'K02'),
('D043', 'DRAJAT', 'K02'),
('D044', 'SEMBUNGKOR', 'K02'),
('D045', 'POMAHAN', 'K02'),
('D046', 'KARANGDAYU', 'K02'),
('D047', 'KADUNGREJO', 'K02'),
('D048', 'PUCANGARUM', 'K02'),
('D049', 'JETAK', 'K03'),
('D050', 'PACUL', 'K03'),
('D051', 'SUKOREJO', 'K03'),
('D052', 'KEPATIHAN', 'K03'),
('D053', 'MOJOKAMPUNG', 'K03'),
('D054', 'KADIPATEN', 'K03'),
('D055', 'NGROWO', 'K03'),
('D056', 'CAMPUREJO', 'K03'),
('D057', 'SEMANDING', 'K03'),
('D058', 'KALIREJO', 'K03'),
('D059', 'MULYOAGUNG', 'K03'),
('D060', 'SUMBANG', 'K03'),
('D061', 'KLANGON', 'K03'),
('D062', 'KARANGPACAR', 'K03'),
('D063', 'BANJARJO', 'K03'),
('D064', 'LEDOKWETAN', 'K03'),
('D065', 'KAUMAN', 'K03'),
('D066', 'LEDOKKULON', 'K03'),
('D067', 'BUBULAN', 'K04'),
('D068', 'CANCUNG ', 'K04'),
('D069', 'CLEBUNG', 'K04'),
('D070', 'SUMBERBENDO', 'K04'),
('D071', 'NGOROGUNUNG', 'K04'),
('D072', 'NGUNUT', 'K05'),
('D073', 'DANDER', 'K05'),
('D074', 'GROWOK', 'K05'),
('D075', 'SUMBERARUM', 'K05'),
('D076', 'KUNCI', 'K05'),
('D077', 'JATIBLIMBING', 'K05'),
('D078', 'NGRASEH', 'K05'),
('D079', 'MOJORANU', 'K05'),
('D080', 'SUMODIKARAN', 'K05'),
('D081', 'SENDANGREJO', 'K05'),
('D082', 'KARANGSONO', 'K05'),
('D083', 'SUMBERAGUNG', 'K05'),
('D084', 'NGUMPAKDALEM', 'K05'),
('D085', 'SUMBERTLASEH', 'K05'),
('D086', 'NGULANAN', 'K05'),
('D087', 'NGABLAK', 'K06'),
('D088', 'BEGED', 'K06'),
('D089', 'NGRAHO', 'K06'),
('D090', 'SUDU', 'K06'),
('D091', 'MANUKAN', 'K06'),
('D092', 'CENGUNGKLUNG', 'K06'),
('D093', 'KATUR', 'K06'),
('D094', 'GAYAM', 'K06'),
('D095', 'MOJODELIK', 'K06'),
('D096', 'BONOREJO', 'K06'),
('D097', 'BRABOWAN', 'K06'),
('D098', 'BEGADON', 'K06'),
('D099', 'RINGINTUNGGAL', 'K06'),
('D100', 'KRONDONAN', 'K07'),
('D101', 'SAMBONGREJO', 'K07'),
('D102', 'PAJENG', 'K07'),
('D103', 'GONDANG', 'K07'),
('D104', 'JARI', 'K07'),
('D105', 'SENGATEN', 'K07'),
('D106', 'PRAGELAN', 'K07'),
('D107', 'SUMENGKO', 'K08'),
('D108', 'MLATEN', 'K08'),
('D109', 'TALOK', 'K08'),
('D110', 'BRENGGOLO', 'K08'),
('D111', 'GREBEGAN', 'K08'),
('D112', 'WOTANGARE', 'K08'),
('D113', 'KALITIDU', 'K08'),
('D114', 'PANJUNAN', 'K08'),
('D115', 'MAYANGGENENG', 'K08'),
('D116', 'MAYANGREJO', 'K08'),
('D117', 'PILANGSARI', 'K08'),
('D118', 'MOJOSARI', 'K08'),
('D119', 'PUNGPUNGAN', 'K08'),
('D120', 'NGUJO', 'K08'),
('D121', 'NGRINGINREJO', 'K08'),
('D122', 'MOJO', 'K08'),
('D123', 'LERAN', 'K08'),
('D124', 'SUKOHARJO', 'K08'),
('D125', 'SARANGAN', 'K09'),
('D126', 'TEJO', 'K09'),
('D127', 'PESEN', 'K09'),
('D128', 'SAMBERAN', 'K09'),
('D129', 'NGLARANGAN', 'K09'),
('D130', 'SROYO', 'K09'),
('D131', 'BAKUNG', 'K09'),
('D132', 'PALEMBON', 'K09'),
('D133', 'SIMBATAN', 'K09'),
('D134', 'CANGA''AN', 'K09'),
('D135', 'KABALAN', 'K09'),
('D136', 'PIYAK', 'K09'),
('D137', 'CARUBAN', 'K09'),
('D138', 'SEDENG', 'K09'),
('D139', 'BUNGUR', 'K09'),
('D140', 'SIMOREJO', 'K09'),
('D141', 'SUMBERWANGI', 'K09'),
('D142', 'TAMBAHREJO', 'K09'),
('D143', 'KANOR', 'K09'),
('D144', 'PRIGI', 'K09'),
('D145', 'TEMU', 'K09'),
('D146', 'KEDUNGPRIMPEN', 'K09'),
('D147', 'GEDONGARUM', 'K09'),
('D148', 'PILANG', 'K09'),
('D149', 'SEMAMBUNG', 'K09'),
('D150', 'BENDO', 'K10'),
('D151', 'KUMPULREJO', 'K10'),
('D152', 'PANDANGMENTOYO', 'K10'),
('D153', 'TAPELAN', 'K10'),
('D154', 'BANGILAN', 'K10'),
('D155', 'SEMBUNG', 'K10'),
('D156', 'TANJUNGHARJO', 'K10'),
('D157', 'WEDI', 'K10'),
('D158', 'KALIANYAR', 'K10'),
('D159', 'NGAMPEL', 'K10'),
('D160', 'SAMBIROTO', 'K10'),
('D161', 'TIKUSAN', 'K10'),
('D162', 'SUKOWATI', 'K10'),
('D163', 'KLAMPOK', 'K10'),
('D164', 'MOJODESO', 'K10'),
('D165', 'PLESUNGAN', 'K10'),
('D166', 'KEDATON', 'K10'),
('D167', 'KAPAS', 'K10'),
('D168', 'SEMENPINGGIR', 'K10'),
('D169', 'BOGO', 'K10'),
('D170', 'BAKALAN', 'K10'),
('D171', 'BATOKAN', 'K11'),
('D172', 'BETET', 'K11'),
('D173', 'TEMBELING', 'K11'),
('D174', 'SIDOMUKTI', 'K11'),
('D175', 'BESAH', 'K11'),
('D176', 'SAMBENG', 'K11'),
('D177', 'NGAGLIK', 'K11'),
('D178', 'KASIMAN', 'K11'),
('D179', 'SEKARAN', 'K11'),
('D180', 'TAMBAKMERAK', 'K12'),
('D181', 'KAWENGAN', 'K12'),
('D182', 'WONOCOLO', 'K12'),
('D183', 'HARGOMULYO', 'K12'),
('D184', 'KEDEWAN', 'K12'),
('D185', 'BEJI', 'K12'),
('D186', 'BABAD', 'K13'),
('D187', 'PEJOK', 'K13'),
('D188', 'DAYUKIDUL', 'K13'),
('D189', 'PANJANG', 'K13'),
('D190', 'TONDOMULO', 'K13'),
('D191', 'KESONGO', 'K13'),
('D192', 'KENDUNG', 'K13'),
('D193', 'MLIDEG', 'K13'),
('D194', 'TUMBRASANOM', 'K13'),
('D195', 'KEDUNGADEM', 'K13'),
('D196', 'DUWEL', 'K13'),
('D197', 'KEPOHKIDUL', 'K13'),
('D198', 'GEGER', 'K13'),
('D199', 'KEDUNGREJO', 'K13'),
('D200', 'MEGAWE', 'K13'),
('D201', 'SIDOREJO', 'K13'),
('D202', 'DROKILO', 'K13'),
('D203', 'MOJOREJO', 'K13'),
('D204', 'JAMBEREJO', 'K13'),
('D205', 'SIDOMULYO', 'K13'),
('D206', 'TLOGOAGUNG', 'K13'),
('D207', 'NGRANDU', 'K13'),
('D208', 'BALONGCABE', 'K13'),
('D209', 'POJOK ', 'K14'),
('D210', 'CENGKIR', 'K14'),
('D211', 'KEPOH', 'K14'),
('D212', 'SIDOMUKTI', 'K14'),
('D213', 'SIMOREJO', 'K14'),
('D214', 'BRANGKAL', 'K14'),
('D215', 'BALONGDOWO', 'K14'),
('D216', 'MOJOSARI', 'K14'),
('D217', 'NGLUMBER', 'K14'),
('D218', 'KRANGKONG', 'K14'),
('D219', 'JIPO', 'K14'),
('D220', 'BUMIREJO', 'K14'),
('D221', 'WORO', 'K14'),
('D222', 'SUMBERAGUNG', 'K14'),
('D223', 'TURIGEDE', 'K14'),
('D224', 'SUMBEROTO', 'K14'),
('D225', 'POHWATES', 'K14'),
('D226', 'BAYEMGEDE', 'K14'),
('D227', 'TLOGOREJO', 'K14'),
('D228', 'SUMBERGEDE', 'K14'),
('D229', 'BETET', 'K14'),
('D230', 'MUDUNG', 'K14'),
('D231', 'NRANGGONANYAR', 'K14'),
('D232', 'KARANGAN', 'K14'),
('D233', 'SUGIHWARAS', 'K14'),
('D234', 'DUKOHLOR', 'K15'),
('D235', 'KACANGAN', 'K15'),
('D236', 'KEMIRI', 'K15'),
('D237', 'PETAK', 'K15'),
('D238', 'KLITEH', 'K15'),
('D239', 'SUDAH', 'K15'),
('D240', 'NGUJUNG', 'K15'),
('D241', 'TAMBAKROMO', 'K15'),
('D242', 'SUMBERJO', 'K15'),
('D243', 'TINAWUN', 'K15'),
('D244', 'BANARAN', 'K15'),
('D245', 'KEDUNGREJO', 'K15'),
('D246', 'KETILENG', 'K15'),
('D247', 'RENDENG', 'K15'),
('D248', 'MALO', 'K15'),
('D249', 'SUKOREJO', 'K15'),
('D250', 'TREMBES', 'K15'),
('D251', 'SEMLARAN', 'K15'),
('D252', 'TANGGIR', 'K15'),
('D253', 'TULUNGAGUNG', 'K15'),
('D254', 'NGELO', 'K16'),
('D255', 'KALANGAN', 'K16'),
('D256', 'MARGOMULYO', 'K16'),
('D257', 'SUMBERJO', 'K16'),
('D258', 'MEDURI', 'K16'),
('D259', 'GENENG', 'K16'),
('D260', 'NGLAMPIN', 'K17'),
('D261', 'KARANGMANGU', 'K17'),
('D262', 'NGAMBON', 'K17'),
('D263', 'SENGON', 'K17'),
('D264', 'BONDOL', 'K17'),
('D265', 'SETREN', 'K18'),
('D266', 'TRENGGULUNAN', 'K18'),
('D267', 'BUTOH', 'K18'),
('D268', 'KOLONG', 'K18'),
('D269', 'MEDIYUNAN', 'K18'),
('D270', 'NGADILUWIH', 'K18'),
('D271', 'SENDANGHARJO', 'K18'),
('D272', 'NGASEM', 'K18'),
('D273', 'BANDUNGREJO', 'K18'),
('D274', 'DUKOHKIDUL', 'K18'),
('D275', 'SAMBONG', 'K18'),
('D276', 'NGANTRU', 'K18'),
('D277', 'TENGGER', 'K18'),
('D278', 'WADANG', 'K18'),
('D279', 'JAMPET', 'K18'),
('D280', 'JELU', 'K18'),
('D281', 'BARENG', 'K18'),
('D282', 'LUWIHAJI', 'K19'),
('D283', 'SUGIHWARAS', 'K19'),
('D284', 'SUMBERAGUNG', 'K19'),
('D285', 'MOJOREJO', 'K19'),
('D286', 'NGRAHO', 'K19'),
('D287', 'BLIMBINGGEDE', 'K19'),
('D288', 'JUMOK', 'K19'),
('D289', 'NGANTI', 'K19'),
('D290', 'PANDAN', 'K19'),
('D291', 'TANGGUNGAN', 'K19'),
('D292', 'KALIREJO', 'K19'),
('D293', 'TAPELAN', 'K19'),
('D294', 'SUMBERARUM ', 'K19'),
('D295', 'PAYAMAN', 'K19'),
('D296', 'BANCER', 'K19'),
('D297', 'KLEMPUN', 'K19'),
('D298', 'TEBON', 'K20'),
('D299', 'PRANGI', 'K20'),
('D300', 'PURWOREJO', 'K20'),
('D301', 'NGEPER', 'K20'),
('D302', 'SONOREJO', 'K20'),
('D303', 'NGRADIN', 'K20'),
('D304', 'KENDUNG', 'K20'),
('D305', 'KEBONAGUNG', 'K20'),
('D306', 'BANJARJO', 'K20'),
('D307', 'KUNCEN', 'K20'),
('D308', 'NGASINAN', 'K20'),
('D309', 'CENDONO', 'K20'),
('D310', 'SIDOREJO', 'K20'),
('D311', 'NGUKEN', 'K20'),
('D312', 'PADANGAN', 'K20'),
('D313', 'DENGOK', 'K20'),
('D314', 'KALIOMBO', 'K21'),
('D315', 'PELEM', 'K21'),
('D316', 'NGREJENG', 'K21'),
('D317', 'TLATAH', 'K21'),
('D318', 'TINUMPUK', 'K21'),
('D319', 'KUNIRAN', 'K21'),
('D320', 'DONAN', 'K21'),
('D321', 'GAPLUK', 'K21'),
('D322', 'PUNGGUR', 'K21'),
('D323', 'SEDAHKIDUL', 'K21'),
('D324', 'POJOK', 'K21'),
('D325', 'PURWOSARI', 'K21'),
('D326', 'MIYONO', 'K22'),
('D327', 'SEKAR', 'K22'),
('D328', 'KLINO', 'K22'),
('D329', 'DELING', 'K22'),
('D330', 'BARENG', 'K22'),
('D331', 'BOBOL', 'K22'),
('D332', 'DRENGES', 'K23'),
('D333', 'BARENG', 'K23'),
('D334', 'ALASGUNG', 'K23'),
('D335', 'PANUNGGALAN', 'K23'),
('D336', 'WEDORO', 'K23'),
('D337', 'BULU', 'K23'),
('D338', 'SIWALAN', 'K23'),
('D339', 'GLAGAHAN', 'K23'),
('D340', 'PANEMON', 'K23'),
('D341', 'SUGIHWARAS', 'K23'),
('D342', 'TRATE', 'K23'),
('D343', 'NGLAJANG', 'K23'),
('D344', 'KEDUNGDOWO', 'K23'),
('D345', 'GLAGAHWANGI', 'K23'),
('D346', 'JATITENGAH', 'K23'),
('D347', 'BALONGREJO', 'K23'),
('D348', 'GENJOR', 'K23'),
('D349', 'KALICILIK', 'K24'),
('D350', 'SEMAWOT', 'K24'),
('D351', 'KLEPEK', 'K24'),
('D352', 'TEGALKODO', 'K24'),
('D353', 'SITIAJI', 'K24'),
('D354', 'PURWOASRI', 'K24'),
('D355', 'PACING', 'K24'),
('D356', 'DUYUNGAN', 'K24'),
('D357', 'JUMPUT', 'K24'),
('D358', 'SEMENKIDUL', 'K24'),
('D359', 'SUKOSEWU', 'K24'),
('D360', 'SUMBERJOKIDUL', 'K24'),
('D361', 'SIDOREJO', 'K24'),
('D362', 'SIDODADI', 'K24'),
('D363', 'TLOGOHAJI', 'K25'),
('D364', 'NGAMPAL', 'K25'),
('D365', 'KEDUNGREJO', 'K25'),
('D366', 'MLINJENG', 'K25'),
('D367', 'SUMBERHARJO', 'K25'),
('D368', 'BANJARJO', 'K25'),
('D369', 'KAYULEMAH', 'K25'),
('D370', 'TELENG', 'K25'),
('D371', 'WOTAN', 'K25'),
('D372', 'SAMBONGREJO', 'K25'),
('D373', 'SENDANGAGUNG', 'K25'),
('D374', 'DERU', 'K25'),
('D375', 'PEKUWON', 'K25'),
('D376', 'KARANGDOWO', 'K25'),
('D377', 'PEJAMBON', 'K25'),
('D378', 'TULUNGREJO', 'K25'),
('D379', 'KARANGDINOYO', 'K25'),
('D380', 'BUTOH', 'K25'),
('D381', 'MARGOAGUNG', 'K25'),
('D382', 'JATIGEDE', 'K25'),
('D383', 'BOGANGIN', 'K25'),
('D384', 'SUMURAGUNG', 'K25'),
('D385', 'SUMBEREJO', 'K25'),
('D386', 'TALUN', 'K25'),
('D387', 'PRAYUNGAN', 'K25'),
('D388', 'MEJUWET', 'K25'),
('D389', 'JATIMULYO', 'K26'),
('D390', 'NAPIS', 'K26'),
('D391', 'NGRANCANG', 'K26'),
('D392', 'TURI', 'K26'),
('D393', 'MULYOREJO', 'K26'),
('D394', 'KACANGAN', 'K26'),
('D395', 'SENDANGREJO', 'K26'),
('D396', 'DOLOKGEDE', 'K26'),
('D397', 'MALINGMATI', 'K26'),
('D398', 'TAMBAKREJO', 'K26'),
('D399', 'BAKALAN', 'K26'),
('D400', 'JAWIK', 'K26'),
('D401', 'SUKOREJO', 'K26'),
('D402', 'GADING', 'K26'),
('D403', 'PENGKOL', 'K26'),
('D404', 'TANJUNG', 'K26'),
('D405', 'GAMONGAN', 'K26'),
('D406', 'KALISUMBER', 'K26'),
('D407', 'KEDUNGSUMBER', 'K27'),
('D408', 'SOKO', 'K27'),
('D409', 'PAPRINGAN', 'K27'),
('D410', 'KEDUNGSARI', 'K27'),
('D411', 'BAKULAN', 'K27'),
('D412', 'TEMAYANG', 'K27'),
('D413', 'PANDANTOYO', 'K27'),
('D414', 'BELUN', 'K27'),
('D415', 'JONO', 'K27'),
('D416', 'NGUJUNG', 'K27'),
('D417', 'PANCUR', 'K27'),
('D418', 'BUNTALAN', 'K27'),
('D419', 'KANDANGAN', 'K28'),
('D420', 'SUMBANG TIMUN', 'K28'),
('D421', 'KANTEN', 'K28'),
('D422', 'PAGERWESII', 'K28'),
('D423', 'PADANG', 'K28'),
('D424', 'SUMBERJO', 'K28'),
('D425', 'MORI', 'K28'),
('D426', 'TULUNGREJO', 'K28'),
('D427', 'TRUCUK', 'K28'),
('D428', 'GUYANGAN', 'K28'),
('D429', 'SRANAK', 'K28'),
('D430', 'BANJARSARI', 'K28');

-- --------------------------------------------------------

--
-- Table structure for table `hasil_pertanian`
--

CREATE TABLE `hasil_pertanian` (
  `id_hasil` varchar(20) NOT NULL,
  `id_desa` varchar(20) NOT NULL,
  `padi` decimal(20,2) NOT NULL,
  `jagung` decimal(20,2) NOT NULL,
  `kacang_tanah` decimal(20,2) NOT NULL,
  `kedelai` decimal(20,2) NOT NULL
) ENGINE=InnoDB DEFAULT CHARSET=latin1;

--
-- Dumping data for table `hasil_pertanian`
--

INSERT INTO `hasil_pertanian` (`id_hasil`, `id_desa`, `padi`, `jagung`, `kacang_tanah`, `kedelai`) VALUES
('H001', 'D001', '3146.00', '277.23', '74.33', '243.10'),
('H002', 'D002', '3284.00', '451.68', '75.29', '211.50'),
('H003', 'D003', '3098.00', '413.44', '79.34', '343.40'),
('H004', 'D004', '1658.00', '404.59', '25.17', '151.20'),
('H005', 'D005', '7033.00', '319.68', '84.85', '339.60'),
('H006', 'D006', '2916.00', '445.22', '38.30', '334.90'),
('H007', 'D007', '3840.00', '463.29', '88.47', '460.80'),
('H008', 'D008', '2997.00', '344.97', '74.30', '175.50'),
('H009', 'D009', '1813.00', '271.92', '60.68', '135.00'),
('H010', 'D010', '1397.00', '302.76', '75.44', '24.00'),
('H011', 'D011', '3105.00', '280.01', '27.01', '265.60'),
('H012', 'D012', '2701.00', '298.21', '43.75', '74.40'),
('H013', 'D013', '2024.00', '383.24', '47.72', '93.60'),
('H014', 'D014', '3869.00', '396.30', '48.60', '297.60'),
('H015', 'D015', '3066.00', '286.30', '46.81', '170.80'),
('H016', 'D016', '3124.00', '78.24', '54.62', '49.00'),
('H017', 'D017', '1903.00', '289.70', '74.92', '50.91'),
('H018', 'D018', '2002.00', '294.65', '33.05', '18.00'),
('H019', 'D019', '1903.00', '399.09', '50.38', '16.80'),
('H020', 'D020', '2833.00', '293.71', '57.68', '129.20'),
('H021', 'D021', '1619.00', '275.07', '78.91', '45.99'),
('H022', 'D022', '1817.00', '79.00', '46.65', '40.60'),
('H023', 'D023', '3682.00', '52.40', '62.18', '50.98'),
('H024', 'D024', '2275.00', '140.00', '53.22', '54.68'),
('H025', 'D025', '2704.00', '248.00', '36.92', '58.35'),
('H026', 'D026', '2834.00', '64.00', '72.06', '53.04'),
('H027', 'D027', '1898.00', '36.00', '89.10', '39.47'),
('H028', 'D028', '1144.00', '60.00', '26.29', '43.35'),
('H029', 'D029', '1391.00', '144.00', '30.75', '11.70'),
('H030', 'D030', '1495.00', '48.00', '73.12', '7.80'),
('H031', 'D031', '1365.00', '140.00', '43.51', '4.80'),
('H032', 'D032', '1235.00', '297.00', '72.98', '52.00'),
('H033', 'D033', '1397.50', '580.50', '57.48', '49.40'),
('H034', 'D034', '675.00', '765.00', '44.51', '115.50'),
('H035', 'D035', '3808.00', '132.00', '48.63', '10.40'),
('H036', 'D036', '2040.00', '76.50', '97.41', '58.91'),
('H037', 'D037', '892.50', '126.00', '93.00', '40.96'),
('H038', 'D038', '1657.50', '72.00', '79.55', '55.54'),
('H039', 'D039', '2805.00', '90.00', '96.94', '30.69'),
('H040', 'D040', '4454.00', '49.50', '60.70', '33.04'),
('H041', 'D041', '1677.00', '198.00', '61.34', '54.37'),
('H042', 'D042', '3770.00', '236.00', '56.30', '1.20'),
('H043', 'D043', '2652.00', '40.00', '69.63', '2.60'),
('H044', 'D044', '1456.00', '12.00', '96.84', '56.41'),
('H045', 'D045', '2470.00', '175.50', '52.70', '20.80'),
('H046', 'D046', '4896.00', '36.00', '40.77', '47.01'),
('H047', 'D047', '7905.00', '99.00', '64.57', '51.21'),
('H048', 'D048', '4709.00', '177.00', '31.16', '54.09'),
('H049', 'D049', '1238.40', '283.81', '85.17', '55.77'),
('H050', 'D050', '3332.70', '326.47', '35.47', '57.28'),
('H051', 'D051', '1421.40', '255.45', '29.01', '48.27'),
('H052', 'D052', '336.00', '302.74', '33.22', '42.04'),
('H053', 'D053', '336.00', '312.85', '60.32', '42.64'),
('H054', 'D054', '434.00', '477.37', '42.44', '35.50'),
('H055', 'D055', '643.20', '285.46', '63.10', '40.23'),
('H056', 'D056', '1448.40', '434.61', '87.64', '30.79'),
('H057', 'D057', '3124.80', '334.18', '87.02', '59.55'),
('H058', 'D058', '2044.80', '296.61', '52.00', '36.85'),
('H059', 'D059', '2597.40', '257.24', '42.85', '36.17'),
('H060', 'D060', '0.00', '0.00', '0.00', '0.00'),
('H061', 'D061', '0.00', '0.00', '0.00', '0.00'),
('H062', 'D062', '0.00', '0.00', '0.00', '0.00'),
('H063', 'D063', '0.00', '0.00', '0.00', '0.00'),
('H064', 'D064', '0.00', '0.00', '0.00', '0.00'),
('H065', 'D065', '0.00', '0.00', '0.00', '0.00'),
('H066', 'D066', '0.00', '0.00', '0.00', '0.00'),
('H067', 'D067', '1238.80', '2450.00', '21.50', '45.65'),
('H068', 'D068', '867.80', '2625.00', '112.50', '34.92'),
('H069', 'D069', '837.70', '2065.00', '75.00', '39.57'),
('H070', 'D070', '464.20', '1925.00', '172.50', '39.86'),
('H071', 'D071', '1339.25', '2275.00', '225.00', '44.62'),
('H072', 'D072', '3105.00', '442.15', '256.00', '32.49'),
('H073', 'D073', '4407.00', '498.58', '449.00', '85.00'),
('H074', 'D074', '3103.00', '392.80', '204.00', '42.92'),
('H075', 'D075', '4309.00', '376.52', '143.00', '58.98'),
('H076', 'D076', '7429.00', '435.33', '317.00', '32.77'),
('H077', 'D077', '3942.00', '478.63', '43.00', '68.00'),
('H078', 'D078', '2825.00', '419.97', '43.00', '209.00'),
('H079', 'D079', '2306.00', '309.66', '26.23', '72.00'),
('H080', 'D080', '3540.00', '254.29', '59.70', '360.00'),
('H081', 'D081', '2743.00', '394.90', '72.00', '154.00'),
('H082', 'D082', '2753.00', '442.06', '296.00', '37.97'),
('H083', 'D083', '4543.00', '424.36', '30.93', '35.00'),
('H084', 'D084', '6817.00', '331.00', '39.49', '42.31'),
('H085', 'D085', '4653.00', '393.93', '91.13', '58.50'),
('H086', 'D086', '2656.00', '404.72', '88.20', '54.84'),
('H087', 'D087', '1526.00', '354.41', '68.17', '51.00'),
('H088', 'D088', '1648.20', '35.00', '20.00', '58.41'),
('H089', 'D089', '3906.00', '11.00', '4.00', '43.08'),
('H090', 'D090', '3638.00', '424.92', '41.30', '7.00'),
('H091', 'D091', '2881.00', '459.03', '90.70', '7.00'),
('H092', 'D092', '2104.00', '7.00', '37.06', '2.80'),
('H093', 'D093', '6438.00', '438.00', '64.00', '14.00'),
('H094', 'D094', '4140.60', '490.00', '52.00', '7.00'),
('H095', 'D095', '2284.70', '235.00', '52.00', '9.80'),
('H096', 'D096', '857.60', '35.00', '20.00', '53.04'),
('H097', 'D097', '1755.40', '18.00', '87.37', '39.70'),
('H098', 'D098', '1862.60', '11.00', '79.95', '2.80'),
('H099', 'D099', '1983.00', '11.00', '90.88', '1.40'),
('H100', 'D100', '2538.00', '474.00', '712.50', '43.72'),
('H101', 'D101', '1710.00', '492.00', '264.00', '47.86'),
('H102', 'D102', '2232.00', '462.00', '720.00', '46.50'),
('H103', 'D103', '1419.00', '378.00', '470.00', '16.00'),
('H104', 'D104', '1476.00', '354.00', '235.00', '15.50'),
('H105', 'D105', '1188.00', '378.00', '60.00', '16.50'),
('H106', 'D106', '1503.00', '528.00', '235.00', '15.50'),
('H107', 'D107', '4950.00', '102.00', '95.00', '27.00'),
('H108', 'D108', '4680.00', '140.00', '76.62', '52.25'),
('H109', 'D109', '3434.00', '37.00', '42.00', '1.00'),
('H110', 'D110', '3402.00', '3.00', '57.00', '30.88'),
('H111', 'D111', '2350.00', '159.00', '140.00', '38.00'),
('H112', 'D112', '2652.00', '155.00', '190.00', '24.00'),
('H113', 'D113', '3848.00', '150.00', '60.00', '5.00'),
('H114', 'D114', '2670.00', '75.00', '94.96', '32.56'),
('H115', 'D115', '910.00', '68.00', '340.00', '32.13'),
('H116', 'D116', '7668.00', '78.00', '126.00', '2.00'),
('H117', 'D117', '4676.00', '22.00', '171.00', '45.03'),
('H118', 'D118', '3642.00', '35.00', '620.00', '2.00'),
('H119', 'D119', '0.00', '0.00', '0.00', '0.00'),
('H120', 'D120', '3024.00', '75.00', '740.00', '35.21'),
('H121', 'D121', '3330.00', '24.00', '95.00', '55.95'),
('H122', 'D122', '1064.00', '33.00', '80.00', '38.18'),
('H123', 'D123', '1876.70', '255.00', '285.00', '50.00'),
('H124', 'D124', '6564.00', '75.00', '75.42', '51.95'),
('H125', 'D125', '659.00', '63.00', '66.44', '57.07'),
('H126', 'D126', '649.00', '159.90', '38.34', '54.05'),
('H127', 'D127', '639.00', '41.00', '78.64', '37.66'),
('H128', 'D128', '709.00', '44.00', '2.00', '53.80'),
('H129', 'D129', '735.00', '215.00', '69.61', '35.99'),
('H130', 'D130', '759.00', '40.00', '99.88', '59.74'),
('H131', 'D131', '740.00', '197.40', '62.74', '45.36'),
('H132', 'D132', '692.00', '221.40', '2.00', '57.78'),
('H133', 'D133', '659.00', '273.00', '79.73', '35.93'),
('H134', 'D134', '669.00', '33.60', '2.00', '49.66'),
('H135', 'D135', '669.00', '205.80', '2.00', '30.44'),
('H136', 'D136', '690.00', '20.00', '75.17', '53.25'),
('H137', 'D137', '656.00', '40.00', '73.13', '56.15'),
('H138', 'D138', '646.00', '32.80', '2.00', '45.65'),
('H139', 'D139', '689.00', '37.80', '40.40', '31.38'),
('H140', 'D140', '699.00', '67.20', '58.83', '2.40'),
('H141', 'D141', '699.00', '38.70', '28.83', '2.50'),
('H142', 'D142', '710.00', '700.90', '2.00', '59.99'),
('H143', 'D143', '710.00', '168.00', '2.00', '37.25'),
('H144', 'D144', '735.00', '77.90', '83.88', '31.00'),
('H145', 'D145', '779.00', '34.40', '2.00', '35.46'),
('H146', 'D146', '779.00', '68.80', '92.31', '44.64'),
('H147', 'D147', '801.00', '55.90', '86.94', '30.77'),
('H148', 'D148', '681.00', '138.60', '2.00', '37.27'),
('H149', 'D149', '702.00', '113.40', '2.00', '51.95'),
('H150', 'D150', '1778.00', '256.37', '99.09', '570.00'),
('H151', 'D151', '861.00', '300.45', '89.25', '35.71'),
('H152', 'D152', '891.00', '260.93', '87.25', '156.00'),
('H153', 'D153', '717.00', '486.84', '31.76', '144.00'),
('H154', 'D154', '489.00', '406.73', '54.54', '84.00'),
('H155', 'D155', '630.00', '420.32', '81.70', '108.00'),
('H156', 'D156', '3156.00', '429.12', '44.46', '117.00'),
('H157', 'D157', '1952.00', '402.54', '83.62', '150.00'),
('H158', 'D158', '546.00', '463.08', '44.88', '60.00'),
('H159', 'D159', '660.00', '316.55', '45.59', '50.77'),
('H160', 'D160', '858.00', '298.05', '36.85', '37.24'),
('H161', 'D161', '280.00', '326.90', '74.40', '40.00'),
('H162', 'D162', '1903.00', '396.15', '43.71', '68.00'),
('H163', 'D163', '221.00', '409.08', '30.43', '30.00'),
('H164', 'D164', '511.00', '287.98', '71.17', '31.87'),
('H165', 'D165', '975.00', '477.85', '35.86', '28.00'),
('H166', 'D166', '850.00', '438.23', '58.31', '43.20'),
('H167', 'D167', '323.00', '396.40', '67.41', '57.14'),
('H168', 'D168', '785.00', '352.95', '66.27', '132.00'),
('H169', 'D169', '317.00', '292.13', '45.66', '37.65'),
('H170', 'D170', '1074.00', '385.33', '94.19', '78.00'),
('H171', 'D171', '0.00', '0.00', '0.00', '0.00'),
('H172', 'D172', '0.00', '0.00', '0.00', '0.00'),
('H173', 'D173', '0.00', '0.00', '0.00', '0.00'),
('H174', 'D174', '0.00', '0.00', '0.00', '0.00'),
('H175', 'D175', '0.00', '0.00', '0.00', '0.00'),
('H176', 'D176', '0.00', '0.00', '0.00', '0.00'),
('H177', 'D177', '0.00', '0.00', '0.00', '0.00'),
('H178', 'D178', '0.00', '0.00', '0.00', '0.00'),
('H179', 'D179', '0.00', '0.00', '0.00', '0.00'),
('H180', 'D180', '0.00', '0.00', '0.00', '0.00'),
('H181', 'D181', '0.00', '0.00', '0.00', '0.00'),
('H182', 'D182', '0.00', '0.00', '0.00', '0.00'),
('H183', 'D183', '0.00', '0.00', '0.00', '0.00'),
('H184', 'D184', '0.00', '0.00', '0.00', '0.00'),
('H185', 'D185', '0.00', '0.00', '0.00', '0.00'),
('H186', 'D186', '4968.00', '2000.00', '94.29', '7.56'),
('H187', 'D187', '840.00', '1880.50', '74.11', '11.16'),
('H188', 'D188', '1736.00', '438.80', '49.89', '16.00'),
('H189', 'D189', '3888.00', '1653.00', '46.54', '4.67'),
('H190', 'D190', '6352.00', '757.50', '46.84', '10.80'),
('H191', 'D191', '3528.00', '776.80', '47.72', '6.68'),
('H192', 'D192', '2376.00', '274.60', '99.80', '8.73'),
('H193', 'D193', '3400.00', '37.60', '2.00', '4.08'),
('H194', 'D194', '4632.00', '43.70', '2.00', '5.48'),
('H195', 'D195', '5136.00', '12.50', '81.29', '12.99'),
('H196', 'D196', '720.00', '25.60', '77.70', '1.56'),
('H197', 'D197', '5984.00', '49.50', '1.00', '25.17'),
('H198', 'D198', '3576.00', '270.50', '1.00', '15.98'),
('H199', 'D199', '4824.00', '12.50', '42.54', '15.74'),
('H200', 'D200', '7688.00', '36.00', '34.82', '16.22'),
('H201', 'D201', '4952.00', '12.50', '87.34', '5.92'),
('H202', 'D202', '5432.00', '36.50', '65.03', '4.76'),
('H203', 'D203', '2584.00', '18.50', '73.26', '1.43'),
('H204', 'D204', '5304.00', '12.50', '26.36', '5.88'),
('H205', 'D205', '4688.00', '12.00', '77.17', '2.73'),
('H206', 'D206', '5072.00', '268.00', '35.72', '4.16'),
('H207', 'D207', '6048.00', '483.09', '42.78', '18.45'),
('H208', 'D208', '3368.00', '479.88', '76.47', '4.29'),
('H209', 'D209', '4471.40', '2.30', '29.86', '1.50'),
('H210', 'D210', '2751.00', '382.56', '62.36', '1.30'),
('H211', 'D211', '1902.00', '308.14', '80.70', '1.40'),
('H212', 'D212', '2622.00', '299.64', '32.92', '0.93'),
('H213', 'D213', '1498.00', '292.48', '90.57', '0.93'),
('H214', 'D214', '2800.00', '332.18', '32.23', '1.18'),
('H215', 'D215', '2569.00', '380.88', '38.53', '1.20'),
('H216', 'D216', '1122.00', '281.56', '90.14', '0.93'),
('H217', 'D217', '2320.00', '262.04', '35.04', '0.94'),
('H218', 'D218', '1470.00', '410.13', '32.83', '0.99'),
('H219', 'D219', '1246.00', '442.99', '97.15', '1.26'),
('H220', 'D220', '2268.00', '462.94', '93.64', '1.03'),
('H221', 'D221', '1372.00', '292.69', '90.35', '1.26'),
('H222', 'D222', '1204.00', '287.71', '78.66', '1.41'),
('H223', 'D223', '1456.00', '352.97', '29.64', '0.90'),
('H224', 'D224', '1267.00', '270.37', '79.65', '1.20'),
('H225', 'D225', '889.00', '418.30', '46.01', '1.17'),
('H226', 'D226', '888.00', '492.04', '98.17', '1.50'),
('H227', 'D227', '1274.00', '306.64', '71.31', '1.27'),
('H228', 'D228', '1232.00', '299.44', '82.46', '1.08'),
('H229', 'D229', '1092.00', '336.77', '27.35', '1.14'),
('H230', 'D230', '1106.00', '323.86', '96.35', '1.08'),
('H231', 'D231', '770.00', '256.28', '62.68', '1.23'),
('H232', 'D232', '1656.00', '309.78', '55.55', '1.09'),
('H233', 'D233', '1799.00', '283.95', '25.08', '1.20'),
('H234', 'D234', '1669.80', '89.60', '12.80', '7.20'),
('H235', 'D235', '1449.00', '163.80', '41.60', '10.80'),
('H236', 'D236', '2592.00', '133.40', '12.80', '6.00'),
('H237', 'D237', '1422.00', '126.00', '8.00', '10.80'),
('H238', 'D238', '1961.00', '73.60', '9.60', '9.60'),
('H239', 'D239', '1330.00', '103.60', '8.00', '15.60'),
('H240', 'D240', '1900.00', '100.80', '6.40', '18.00'),
('H241', 'D241', '1800.00', '162.40', '12.80', '18.00'),
('H242', 'D242', '2212.50', '221.00', '19.20', '13.20'),
('H243', 'D243', '1056.40', '148.20', '11.20', '6.00'),
('H244', 'D244', '210.00', '27.50', '12.80', '8.40'),
('H245', 'D245', '1086.00', '112.50', '16.00', '9.60'),
('H246', 'D246', '881.60', '96.20', '8.00', '6.00'),
('H247', 'D247', '1073.00', '278.10', '25.94', '8.40'),
('H248', 'D248', '615.00', '165.00', '12.80', '6.00'),
('H249', 'D249', '259.00', '117.00', '19.20', '4.80'),
('H250', 'D250', '532.80', '166.40', '94.21', '10.80'),
('H251', 'D251', '1146.60', '150.80', '17.60', '12.00'),
('H252', 'D252', '1413.60', '187.60', '28.80', '10.80'),
('H253', 'D253', '2055.00', '189.80', '17.60', '6.00'),
('H254', 'D254', '198.00', '762.00', '2.00', '44.00'),
('H255', 'D255', '311.00', '958.00', '1.00', '173.00'),
('H256', 'D256', '1062.00', '1287.00', '1.00', '468.00'),
('H257', 'D257', '1671.00', '1401.00', '1.80', '638.00'),
('H258', 'D258', '1021.00', '1624.00', '1.00', '152.00'),
('H259', 'D259', '692.00', '1273.00', '1.00', '59.00'),
('H260', 'D260', '1061.50', '880.00', '4.30', '19.31'),
('H261', 'D261', '499.60', '460.00', '4.40', '3.20'),
('H262', 'D262', '597.20', '258.00', '4.20', '5.21'),
('H263', 'D263', '954.00', '405.00', '4.60', '7.56'),
('H264', 'D264', '1052.10', '940.00', '4.40', '2.63'),
('H265', 'D265', '95.00', '1127.50', '19.80', '60.00'),
('H266', 'D266', '138.00', '840.00', '16.65', '60.00'),
('H267', 'D267', '207.00', '777.00', '9.45', '46.72'),
('H268', 'D268', '131.00', '757.90', '10.35', '60.00'),
('H269', 'D269', '337.00', '817.60', '14.85', '24.00'),
('H270', 'D270', '1086.00', '467.40', '9.90', '60.00'),
('H271', 'D271', '152.00', '993.95', '19.80', '23.38'),
('H272', 'D272', '88.00', '515.20', '5.40', '60.00'),
('H273', 'D273', '185.00', '1063.80', '18.90', '60.00'),
('H274', 'D274', '196.00', '470.40', '15.30', '60.00'),
('H275', 'D275', '1020.00', '473.00', '4.95', '48.39'),
('H276', 'D276', '69.00', '453.60', '9.45', '47.40'),
('H277', 'D277', '137.00', '1153.60', '7.20', '60.00'),
('H278', 'D278', '206.00', '649.00', '8.55', '60.00'),
('H279', 'D279', '75.00', '539.00', '6.30', '43.10'),
('H280', 'D280', '156.00', '1309.00', '10.80', '60.00'),
('H281', 'D281', '193.00', '543.20', '15.75', '38.05'),
('H282', 'D282', '1728.00', '1198.00', '4.00', '62.40'),
('H283', 'D283', '996.00', '1401.00', '1.20', '67.90'),
('H284', 'D284', '2399.00', '1481.00', '1.00', '26.00'),
('H285', 'D285', '2730.00', '1258.00', '2.50', '17.00'),
('H286', 'D286', '568.00', '459.00', '92.46', '10.50'),
('H287', 'D287', '220.00', '514.00', '1.00', '10.00'),
('H288', 'D288', '1488.00', '1698.00', '1.00', '101.00'),
('H289', 'D289', '1802.00', '3131.00', '34.10', '284.00'),
('H290', 'D290', '998.00', '1497.00', '29.31', '119.00'),
('H291', 'D291', '980.00', '1502.00', '1.00', '82.00'),
('H292', 'D292', '1035.00', '571.00', '41.27', '26.00'),
('H293', 'D293', '1997.00', '355.00', '42.36', '5.50'),
('H294', 'D294', '3368.00', '998.00', '4.00', '112.00'),
('H295', 'D295', '1893.00', '987.00', '6.00', '44.00'),
('H296', 'D296', '924.00', '930.00', '2.50', '93.00'),
('H297', 'D297', '1144.00', '1141.00', '1.00', '98.00'),
('H298', 'D298', '1341.60', '140.40', '3.30', '102.40'),
('H299', 'D299', '1560.00', '145.80', '3.30', '110.40'),
('H300', 'D300', '1432.50', '229.50', '3.20', '217.60'),
('H301', 'D301', '2138.40', '576.30', '3.20', '268.80'),
('H302', 'D302', '2296.80', '379.60', '3.30', '147.20'),
('H303', 'D303', '1914.00', '230.00', '3.30', '97.60'),
('H304', 'D304', '2690.40', '445.00', '3.30', '107.20'),
('H305', 'D305', '1794.00', '41.60', '3.30', '20.80'),
('H306', 'D306', '960.00', '231.00', '3.30', '19.20'),
('H307', 'D307', '1591.20', '16.50', '3.20', '4.80'),
('H308', 'D308', '2575.20', '467.50', '3.30', '91.20'),
('H309', 'D309', '1213.60', '187.00', '3.30', '8.00'),
('H310', 'D310', '2386.80', '124.80', '3.30', '14.40'),
('H311', 'D311', '1692.60', '109.20', '3.30', '3.20'),
('H312', 'D312', '2113.80', '41.60', '3.30', '8.00'),
('H313', 'D313', '1287.00', '50.00', '3.30', '6.40'),
('H314', 'D314', '2436.00', '1903.00', '98.14', '172.00'),
('H315', 'D315', '2440.00', '829.00', '71.90', '14.00'),
('H316', 'D316', '939.00', '313.00', '65.55', '4.00'),
('H317', 'D317', '1118.00', '436.00', '30.54', '7.00'),
('H318', 'D318', '732.00', '358.00', '63.94', '10.00'),
('H319', 'D319', '2390.00', '1994.00', '8.00', '83.00'),
('H320', 'D320', '1545.00', '1052.00', '6.00', '27.00'),
('H321', 'D321', '1641.00', '942.00', '4.00', '43.00'),
('H322', 'D322', '1158.00', '520.00', '58.38', '6.00'),
('H323', 'D323', '701.00', '276.00', '52.78', '3.00'),
('H324', 'D324', '667.00', '275.00', '82.58', '3.00'),
('H325', 'D325', '1456.00', '469.00', '27.27', '3.00'),
('H326', 'D326', '0.00', '0.00', '0.00', '0.00'),
('H327', 'D327', '0.00', '0.00', '0.00', '0.00'),
('H328', 'D328', '0.00', '0.00', '0.00', '0.00'),
('H329', 'D329', '0.00', '0.00', '0.00', '0.00'),
('H330', 'D330', '0.00', '0.00', '0.00', '0.00'),
('H331', 'D331', '0.00', '0.00', '0.00', '0.00'),
('H332', 'D332', '127.00', '234.00', '41.04', '40.00'),
('H333', 'D333', '434.00', '292.00', '82.54', '80.00'),
('H334', 'D334', '370.00', '162.00', '52.20', '50.00'),
('H335', 'D335', '325.00', '175.00', '30.88', '30.00'),
('H336', 'D336', '398.00', '227.00', '90.86', '70.00'),
('H337', 'D337', '376.00', '413.50', '89.91', '20.00'),
('H338', 'D338', '550.00', '136.00', '40.44', '20.00'),
('H339', 'D339', '289.00', '130.00', '62.54', '85.00'),
('H340', 'D340', '308.00', '97.00', '32.52', '95.00'),
('H341', 'D341', '359.00', '285.60', '38.52', '63.64'),
('H342', 'D342', '297.00', '65.00', '80.38', '60.00'),
('H343', 'D343', '149.00', '447.92', '86.81', '93.38'),
('H344', 'D344', '281.00', '441.05', '75.98', '10.00'),
('H345', 'D345', '310.00', '306.43', '55.40', '7.56'),
('H346', 'D346', '239.00', '313.21', '89.16', '50.00'),
('H347', 'D347', '362.00', '343.66', '80.67', '10.00'),
('H348', 'D348', '321.00', '453.35', '41.54', '10.00'),
('H349', 'D349', '2303.00', '5.00', '33.70', '14.00'),
('H350', 'D350', '350.00', '5.00', '35.91', '10.00'),
('H351', 'D351', '2048.00', '396.53', '91.26', '5.64'),
('H352', 'D352', '798.00', '403.30', '57.55', '2.52'),
('H353', 'D353', '1056.00', '488.87', '49.92', '2.58'),
('H354', 'D354', '2442.00', '451.33', '47.12', '4.12'),
('H355', 'D355', '1372.00', '297.69', '76.55', '8.97'),
('H356', 'D356', '1008.00', '339.99', '96.15', '12.96'),
('H357', 'D357', '595.00', '368.16', '59.09', '7.86'),
('H358', 'D358', '553.00', '261.22', '25.63', '4.71'),
('H359', 'D359', '3759.00', '6.00', '70.51', '13.97'),
('H360', 'D360', '3619.00', '6.00', '60.91', '10.00'),
('H361', 'D361', '1057.00', '386.37', '96.84', '11.00'),
('H362', 'D362', '3206.00', '412.52', '38.13', '11.50'),
('H363', 'D363', '3937.80', '404.76', '82.92', '500.00'),
('H364', 'D364', '3444.00', '291.99', '69.38', '213.30'),
('H365', 'D365', '1939.20', '356.14', '62.23', '130.00'),
('H366', 'D366', '1916.20', '301.60', '77.98', '260.70'),
('H367', 'D367', '3222.70', '471.83', '50.24', '270.25'),
('H368', 'D368', '1494.10', '414.77', '66.87', '120.70'),
('H369', 'D369', '2419.20', '396.72', '30.12', '175.00'),
('H370', 'D370', '1561.10', '311.47', '76.82', '166.50'),
('H371', 'D371', '1908.00', '336.14', '33.46', '195.00'),
('H372', 'D372', '2059.00', '333.48', '48.36', '30.00'),
('H373', 'D373', '1183.00', '453.47', '82.29', '45.00'),
('H374', 'D374', '1216.25', '489.97', '88.91', '72.00'),
('H375', 'D375', '2400.00', '372.24', '52.48', '80.00'),
('H376', 'D376', '2088.00', '368.23', '42.63', '194.75'),
('H377', 'D377', '889.20', '338.74', '70.97', '32.00'),
('H378', 'D378', '1290.00', '483.40', '41.11', '210.27'),
('H379', 'D379', '2065.90', '386.75', '66.32', '132.00'),
('H380', 'D380', '1527.60', '412.43', '41.54', '479.03'),
('H381', 'D381', '1521.00', '385.13', '76.22', '29.70'),
('H382', 'D382', '1087.00', '357.66', '83.75', '37.80'),
('H383', 'D383', '555.00', '486.82', '67.37', '282.96'),
('H384', 'D384', '1098.00', '309.31', '97.51', '35.00'),
('H385', 'D385', '1018.00', '295.11', '91.39', '35.00'),
('H386', 'D386', '495.00', '410.43', '28.66', '332.25'),
('H387', 'D387', '1209.00', '327.84', '79.49', '499.48'),
('H388', 'D388', '616.20', '492.51', '41.80', '22.00'),
('H389', 'D389', '2307.60', '1336.50', '1.20', '144.20'),
('H390', 'D390', '3647.80', '3791.20', '1.30', '277.20'),
('H391', 'D391', '1902.40', '1903.80', '1.20', '189.00'),
('H392', 'D392', '1445.40', '1554.40', '1.20', '32.50'),
('H393', 'D393', '2217.60', '2389.50', '1.30', '34.56'),
('H394', 'D394', '422.40', '96.90', '5.44', '22.22'),
('H395', 'D395', '976.80', '439.46', '8.16', '17.28'),
('H396', 'D396', '1274.00', '865.28', '1.30', '24.36'),
('H397', 'D397', '2674.80', '1754.46', '1.40', '157.30'),
('H398', 'D398', '1744.80', '1202.76', '1.20', '127.40'),
('H399', 'D399', '2191.80', '2327.80', '1.20', '118.30'),
('H400', 'D400', '1202.20', '903.00', '5.16', '40.30'),
('H401', 'D401', '1610.70', '1571.68', '8.34', '123.20'),
('H402', 'D402', '1763.60', '1118.88', '3.54', '13.00'),
('H403', 'D403', '1328.70', '711.03', '6.95', '6.00'),
('H404', 'D404', '1267.00', '1066.00', '15.08', '4.80'),
('H405', 'D405', '2985.80', '1630.73', '1.40', '32.50'),
('H406', 'D406', '2163.20', '1759.14', '1.40', '4.48'),
('H407', 'D407', '1663.80', '1096.00', '14.40', '41.06'),
('H408', 'D408', '1390.17', '1246.29', '2.60', '15.45'),
('H409', 'D409', '1614.60', '676.80', '7.00', '113.18'),
('H410', 'D410', '586.30', '317.40', '10.50', '128.75'),
('H411', 'D411', '2364.80', '147.90', '10.50', '147.20'),
('H412', 'D412', '1834.00', '132.00', '9.60', '153.90'),
('H413', 'D413', '2496.30', '2194.00', '6.80', '142.80'),
('H414', 'D414', '1360.80', '136.50', '7.00', '23.16'),
('H415', 'D415', '5789.60', '2909.40', '13.50', '67.06'),
('H416', 'D416', '1269.20', '155.00', '4.20', '109.50'),
('H417', 'D417', '439.20', '94.50', '3.90', '53.00'),
('H418', 'D418', '2275.60', '238.00', '9.60', '172.40'),
('H419', 'D419', '3168.00', '90.00', '1.50', '11.08'),
('H420', 'D420', '1134.00', '180.00', '1.60', '24.85'),
('H421', 'D421', '2914.00', '2100.00', '77.33', '22.00'),
('H422', 'D422', '1304.00', '522.00', '92.87', '19.29'),
('H423', 'D423', '4166.00', '140.00', '65.12', '13.39'),
('H424', 'D424', '1860.00', '100.00', '53.49', '9.10'),
('H425', 'D425', '3384.00', '540.00', '47.31', '18.31'),
('H426', 'D426', '350.00', '1440.00', '34.99', '22.93'),
('H427', 'D427', '570.00', '105.00', '71.58', '16.41'),
('H428', 'D428', '1647.00', '25.00', '68.96', '7.11'),
('H429', 'D429', '1152.00', '120.00', '51.35', '10.58'),
('H430', 'D430', '704.00', '270.00', '42.38', '18.21');

-- --------------------------------------------------------

--
-- Table structure for table `kecamatan`
--

CREATE TABLE `kecamatan` (
  `id_kecamatan` varchar(20) NOT NULL,
  `nama_kecamatan` varchar(20) NOT NULL,
  `jumlah_desa` int(11) NOT NULL,
  `luas_area` varchar(20) NOT NULL,
  `kode_pos` varchar(20) NOT NULL,
  `alamat` varchar(100) NOT NULL,
  `telepon` varchar(20) NOT NULL,
  `email` varchar(50) NOT NULL
) ENGINE=InnoDB DEFAULT CHARSET=latin1;

--
-- Dumping data for table `kecamatan`
--

INSERT INTO `kecamatan` (`id_kecamatan`, `nama_kecamatan`, `jumlah_desa`, `luas_area`, `kode_pos`, `alamat`, `telepon`, `email`) VALUES
('K01', 'BALEN', 0, '60.52', '62168', 'Jl. Raya Balen No. 56 Balen Bojonegoro Jawa Timur Indonesia', '(0353) 331829', 'kecamatanbalen@gmail.com'),
('K02', 'BAURENO', 0, '66.37', '62192', 'Jl. Raya Baureno No. 152 Baureno Bojonegoro Jawa Timur Indonesia', '(0322) 453539', 'kecamatanbaureno@ymail.com'),
('K03', 'BOJONEGORO', 0, '25.71', '62111', 'Jl. Pemuda, Kadipaten, Bojonegoro Jawa Timur Indonesia', '(0353) 881770', '(-)'),
('K04', 'BUBULAN', 0, '84.73', '62172', 'Jl. Raya Bubulan No. 116 Bubulan Bojonegoro Jawa Timur Indonesia', '08125908135', 'kecamatanbubulan1@gmail.com'),
('K05', 'DANDER', 0, '118.36', '62171', 'Jl. Raya Dander Temayang No.53 Dander Bojonegoro Jawa Timur Indonesia', '(0353) 882342', 'kecamatandander@gmail.com'),
('K06', 'GAYAM', 0, '50.05', '62152', 'Jl. Raya Gayam No. 01 Gayam Bojonegoro Jawa Timur Indonesia', '082257311614', 'kecamatangayam@yahoo.co.id'),
('K07', 'GONDANG', 0, '107.01', '62173', 'Jl. Raya Gondang No. 21 Gondang Bojonegoro Jawa Timur Indonesia', '(-)', 'kecgondang.bojonegoro@gmail.com'),
('K08', 'KALITIDU', 0, '65.95', '62152', 'Jl. Raya Kalitidu No. 139 Kalitidu Bojonegoro Jawa Timur Indonesia', '(0353) 511255', 'Kecamatankalitidu@ymail.com'),
('K09', 'KANOR', 0, '59.78', '62193', 'Jl. Raya Kanor No. 01 Kanor Bojonegoro Jawa Timur Indonesia', '(0353) 331468', 'kec.kanor@gmail.com'),
('K10', 'KAPAS', 0, '46.38', '62181', 'Jl. Ahmad Yani No. 37 Desa Tikusan Kapas Bojonegoro Jawa Timur Indonesia', '(0353) 885080', 'kecamatankapas@gmail.com'),
('K11', 'KASIMAN', 0, '51.8', '62164', 'Kasiman Bojonegoro Jawa Timur Indonesia', '(0353) 531031', 'kecamatan.kasiman@gmail.com'),
('K12', 'KEDEWAN', 0, '56.51', '62160', 'Jl. Raya Kedewan No. 30 Kedewan Bojonegoro Jawa Timur Indonesia', '(-)', 'kec.kedewan@gmail.com'),
('K13', 'KEDUNGADEM', 0, '145.15', '62195', 'Jl. Gajah Mada No. 813 Kedungadem Bojonegoro  Jawa Timur Indonesia', '(0353) 351087', 'kedungadem@bojonegorokab.go.id'),
('K14', 'KEPOHBARU', 0, '79.64', '62194', 'Jl. Raya Kepohbaru No. 268 Kepohbaru Bojonegoro  Jawa Timur Indonesia', '(0353)7711526', 'kec.kepohbaru@gmail.com'),
('K15', 'MALO', 0, '65.41', '62153', 'Jl. Brawijaya No. 277 Malo Bojonegoro  Jawa Timur Indonesia', '(0353) 511023', '(-)'),
('K16', 'MARGOMULYO', 0, '139.68', '62168', 'Jl. A. Yani No. 46 Margomulyo Bojonegoro Jawa Timur Indonesia', '(-)', 'kec.margomulyo@gmail.com'),
('K17', 'NGAMBON', 0, '48.65', '62167', 'Jl. Diponegoro No. 402  Ngambon Bojonegoro Jawa Timur Indonesia', '(0353) 7798314', 'kantorkecamatanngambon@gmail.com'),
('K18', 'NGASEM', 0, '147.21', '62154', 'Jl. Raya Kalitidu Ngasem Bojonegoro Jawa Timur Indonesia', '(0353) 7710155', 'kecamatanngasem@yahoo.com'),
('K19', 'NGRAHO', 0, '71.48', '62165', 'Jl. Ahmad Yani No. 119 Ngraho Bojonegoro Jawa Timur Indonesia', '(0353) 591075', 'Kecamatanngraho@yahoo.com'),
('K20', 'PADANGAN', 0, '42', '62162', 'Jl. Ahmad Yani No. 80 Padangan Bojonegoro Jawa Timur Indonesia', '(0353) 5215027', 'kec.padangan@gmail.com'),
('K21', 'PURWOSARI', 0, '62.32', '62161', 'Jl. Purwosari Kaliaren No. 586A Purwosari Bojonegoro Jawa Timur Indonesia', '(0353) 551027', 'kecamatan.purwosari@gmail.com'),
('K22', 'SEKAR', 0, '130.24', '62169', 'Sekar Bojonegoro Jawa Timur Indonesia', '081331901255', 'kecamatansekar@gmail.com'),
('K23', 'SUGIHWARAS', 0, '87.15', '62183', 'Jl. Raya No. 46 Sugihwaras Bojonegoro Jawa Timur Indonesia', '(0353) 7711270', 'garaskec@gmail.com'),
('K24', 'SUKOSEWU', 0, '47.48', '62185', 'Jl. Raya Sukosewu Sukosewu Bojonegoro Jawa Timur Indonesia', '(-)', 'suksewubojonegoro@yahoo.com'),
('K25', 'SUMBEREJO', 0, '76.58', '62191', 'Jln. Sikatan No. 333 Sumberrejo Bojonegoro Jawa Timur Indonesia', '(0353) 331007', 'Sumberrejokec@gmail.com'),
('K26', 'TAMBAKREJO', 0, '209.52', '62166', 'Jl. Taji Ngambon No. 01 Tambakrejo Bojonegoro Jawa Timur Indonesia', '(-)', 'kecamatantambakrejo@gmail.com'),
('K27', 'TAEMAYANG', 0, '124.67', '62184', 'Temayang Bojonegoro Jawa Timur Indonesia', '(0353) 881454', 'kec.temayang@bojonegorokab.go.id'),
('K28', 'TRUCUK', 0, '36.71', '62155', 'Jl. Raya Sumberejo Kentong No. 01 Trucuk Bojonegoro Jawa Timur Indonesia', '(0353) 887952', 'kecamatantrucuk@gmail.com');

-- --------------------------------------------------------

--
-- Table structure for table `klaster`
--

CREATE TABLE `klaster` (
  `id_klaster` int(11) NOT NULL,
  `jumlah_klaster` int(11) NOT NULL,
  `nama_klaster` varchar(20) NOT NULL
) ENGINE=InnoDB DEFAULT CHARSET=latin1;

--
-- Dumping data for table `klaster`
--

INSERT INTO `klaster` (`id_klaster`, `jumlah_klaster`, `nama_klaster`) VALUES
(1, 1, 'Unggul'),
(2, 2, 'Perlupenanganan');

-- --------------------------------------------------------

--
-- Table structure for table `login`
--

CREATE TABLE `login` (
  `id_login` varchar(30) NOT NULL,
  `username` varchar(30) NOT NULL,
  `password` varchar(30) NOT NULL,
  `level` varchar(30) NOT NULL
) ENGINE=InnoDB DEFAULT CHARSET=latin1;

--
-- Dumping data for table `login`
--

INSERT INTO `login` (`id_login`, `username`, `password`, `level`) VALUES
('L001', 'thalia', '1234', 'admin'),
('L002', 'amira', '4321', 'user');

--
-- Indexes for dumped tables
--

--
-- Indexes for table `desa`
--
ALTER TABLE `desa`
  ADD PRIMARY KEY (`id_desa`);

--
-- Indexes for table `hasil_pertanian`
--
ALTER TABLE `hasil_pertanian`
  ADD PRIMARY KEY (`id_hasil`);

--
-- Indexes for table `kecamatan`
--
ALTER TABLE `kecamatan`
  ADD PRIMARY KEY (`id_kecamatan`);

--
-- Indexes for table `klaster`
--
ALTER TABLE `klaster`
  ADD PRIMARY KEY (`id_klaster`);

--
-- Indexes for table `login`
--
ALTER TABLE `login`
  ADD PRIMARY KEY (`id_login`);

--
-- AUTO_INCREMENT for dumped tables
--

--
-- AUTO_INCREMENT for table `klaster`
--
ALTER TABLE `klaster`
  MODIFY `id_klaster` int(11) NOT NULL AUTO_INCREMENT, AUTO_INCREMENT=3;
/*!40101 SET CHARACTER_SET_CLIENT=@OLD_CHARACTER_SET_CLIENT */;
/*!40101 SET CHARACTER_SET_RESULTS=@OLD_CHARACTER_SET_RESULTS */;
/*!40101 SET COLLATION_CONNECTION=@OLD_COLLATION_CONNECTION */;
